No Dosen,Nama Dosen,Nama Bidang,Jumlah Bidang Muncul
1,"Ade Ismail, S.Kom., M.TI",Penerapan Sistem Informasi Geografis,1
1,"Ade Ismail, S.Kom., M.TI",Penerapan Virtualisasi Jaringan,1
1,"Ade Ismail, S.Kom., M.TI",Penerapan Teknologi Nirkabel,1
2,"Agung Nugroho Pramudhita, S.T., M.T.",Penerapan Sistem Pendukung Keputusan,4
2,"Agung Nugroho Pramudhita, S.T., M.T.",Penerapan Customer Relationship Management,1
2,"Agung Nugroho Pramudhita, S.T., M.T.",Penerapan Penambangan Teks,1
2,"Agung Nugroho Pramudhita, S.T., M.T.",Penerapan Pembelajaran Elektronik pada Sistem Informasi,2
2,"Agung Nugroho Pramudhita, S.T., M.T.",Penerapan Sistem Peramalan,7
2,"Agung Nugroho Pramudhita, S.T., M.T.",Multimedia,3
2,"Agung Nugroho Pramudhita, S.T., M.T.",Penerapan Morfologi Citra Digital,2
2,"Agung Nugroho Pramudhita, S.T., M.T.",Penerapan Sistem Pakar,1
3,"Ahmadi Yuli Ananta, ST., M.M.",Penerapan Sistem Pakar,2
3,"Ahmadi Yuli Ananta, ST., M.M.",Penerapan Smart Living,1
3,"Ahmadi Yuli Ananta, ST., M.M.",Penerapan Sistem Peramalan,5
3,"Ahmadi Yuli Ananta, ST., M.M.",Penerapan IT Forensik pada Jaringan,1
3,"Ahmadi Yuli Ananta, ST., M.M.",Penerapan Penambangan Teks,1
3,"Ahmadi Yuli Ananta, ST., M.M.",Penerapan Sistem Pendukung Keputusan,7
3,"Ahmadi Yuli Ananta, ST., M.M.",Penerapan IoT,1
3,"Ahmadi Yuli Ananta, ST., M.M.",Penerapan Kecerdasan Buatan,2
3,"Ahmadi Yuli Ananta, ST., M.M.",Penerapan Customer Relationship Management,2
3,"Ahmadi Yuli Ananta, ST., M.M.",Multimedia,1
3,"Ahmadi Yuli Ananta, ST., M.M.",Penerapan Pembelajaran Elektronik pada Sistem Informasi,2
3,"Ahmadi Yuli Ananta, ST., M.M.",Penerapan Sistem Informasi Geografis,2
3,"Ahmadi Yuli Ananta, ST., M.M.",Penerapan Data Besar,2
3,"Ahmadi Yuli Ananta, ST., M.M.",Pengembangan Game,3
4,"Annisa Puspa Kirana., M.Kom",Penerapan Watermarking pada Citra,1
4,"Annisa Puspa Kirana., M.Kom",Penerapan Penambangan Teks,1
4,"Annisa Puspa Kirana., M.Kom",Penerapan Data Besar,2
4,"Annisa Puspa Kirana., M.Kom",Penerapan Pembelajaran Elektronik pada Sistem Informasi,1
4,"Annisa Puspa Kirana., M.Kom",Penerapan Sistem Informasi Geografis,3
4,"Annisa Puspa Kirana., M.Kom",Penerapan Sistem Pendukung Keputusan,1
4,"Annisa Puspa Kirana., M.Kom",Penerapan Sistem Pakar,1
4,"Annisa Puspa Kirana., M.Kom",Penerapan Penambangan Data,1
5,"Annisa Taufika Firdausi, ST., MT.",Penerapan Penambangan Teks,1
5,"Annisa Taufika Firdausi, ST., MT.",Penerapan Sistem Pendukung Keputusan,3
5,"Annisa Taufika Firdausi, ST., MT.",Penerapan Data Besar,2
5,"Annisa Taufika Firdausi, ST., MT.",Penerapan Sistem Pakar,4
5,"Annisa Taufika Firdausi, ST., MT.",Multimedia,1
5,"Annisa Taufika Firdausi, ST., MT.",Penerapan Manajemen Informasi,1
5,"Annisa Taufika Firdausi, ST., MT.",Penerapan Augmented Reality,1
5,"Annisa Taufika Firdausi, ST., MT.",Penerapan Penambangan Data,2
5,"Annisa Taufika Firdausi, ST., MT.",Penerapan Enkripsi,1
5,"Annisa Taufika Firdausi, ST., MT.",Penerapan Sistem Peramalan,3
5,"Annisa Taufika Firdausi, ST., MT.",Penerapan Kecerdasan Buatan,1
5,"Annisa Taufika Firdausi, ST., MT.",Pengembangan Game,1
5,"Annisa Taufika Firdausi, ST., MT.",Penerapan Transformasi Citra,1
6,"Anugrah Nur Rahmanto, S.Sn., M.Ds.",Penerapan Kecerdasan Buatan,2
6,"Anugrah Nur Rahmanto, S.Sn., M.Ds.",Penerapan Bisnis Elektronik Sistem Informasi,2
6,"Anugrah Nur Rahmanto, S.Sn., M.Ds.",Penerapan Transformasi Citra,1
6,"Anugrah Nur Rahmanto, S.Sn., M.Ds.",Multimedia,3
6,"Anugrah Nur Rahmanto, S.Sn., M.Ds.",Penerapan Sistem Pendukung Keputusan,2
6,"Anugrah Nur Rahmanto, S.Sn., M.Ds.",Penerapan Penambangan Data,2
6,"Anugrah Nur Rahmanto, S.Sn., M.Ds.",Penerapan Augmented Reality,2
6,"Anugrah Nur Rahmanto, S.Sn., M.Ds.",Penerapan Data Besar,1
6,"Anugrah Nur Rahmanto, S.Sn., M.Ds.",Penerapan Pembelajaran Elektronik pada Sistem Informasi,1
6,"Anugrah Nur Rahmanto, S.Sn., M.Ds.",Pengembangan Game,1
7,"Ariadi Retno Ririd, S.Kom., M.Kom.",Penerapan Sistem Pakar,1
7,"Ariadi Retno Ririd, S.Kom., M.Kom.",Penerapan Penambangan Data,1
8,"Arie Rachmad Syulistyo, S.Kom., M.Kom",Penerapan Pengenalan Pola,2
8,"Arie Rachmad Syulistyo, S.Kom., M.Kom",Penerapan Sistem Peramalan,1
8,"Arie Rachmad Syulistyo, S.Kom., M.Kom",Penerapan Transformasi Citra,1
8,"Arie Rachmad Syulistyo, S.Kom., M.Kom",Penerapan Morfologi Citra Digital,1
8,"Arie Rachmad Syulistyo, S.Kom., M.Kom",Penerapan Kompresi Citra,1
8,"Arie Rachmad Syulistyo, S.Kom., M.Kom",Penerapan Augmented Reality,1
8,"Arie Rachmad Syulistyo, S.Kom., M.Kom",Multimedia,1
8,"Arie Rachmad Syulistyo, S.Kom., M.Kom",Computational Thinking,1
8,"Arie Rachmad Syulistyo, S.Kom., M.Kom",Penerapan Manajemen Informasi,1
8,"Arie Rachmad Syulistyo, S.Kom., M.Kom",Penerapan Sistem Informasi Geografis,1
8,"Arie Rachmad Syulistyo, S.Kom., M.Kom",Penerapan Sistem Pendukung Keputusan,1
8,"Arie Rachmad Syulistyo, S.Kom., M.Kom",Penerapan Customer Relationship Management,2
8,"Arie Rachmad Syulistyo, S.Kom., M.Kom",Penerapan Data Besar,1
8,"Arie Rachmad Syulistyo, S.Kom., M.Kom",Penerapan Penambangan Teks,1
8,"Arie Rachmad Syulistyo, S.Kom., M.Kom",Penerapan Information Retrieval,1
8,"Arie Rachmad Syulistyo, S.Kom., M.Kom",Penerapan Kecerdasan Buatan,1
8,"Arie Rachmad Syulistyo, S.Kom., M.Kom",Penerapan Sistem Pakar,1
9,"Arief Prasetyo, S.Kom., M.Kom.",Penerapan Data Besar,6
9,"Arief Prasetyo, S.Kom., M.Kom.",Penerapan Penambangan Teks,5
9,"Arief Prasetyo, S.Kom., M.Kom.",Penerapan IoT,5
9,"Arief Prasetyo, S.Kom., M.Kom.",Pengembangan Game,3
9,"Arief Prasetyo, S.Kom., M.Kom.",Penerapan Sistem Informasi Geografis,2
9,"Arief Prasetyo, S.Kom., M.Kom.",Penerapan Bisnis Elektronik Sistem Informasi,3
9,"Arief Prasetyo, S.Kom., M.Kom.",Penerapan Keamanan Data,2
9,"Arief Prasetyo, S.Kom., M.Kom.",Penerapan Sistem Pendukung Keputusan,5
9,"Arief Prasetyo, S.Kom., M.Kom.",Multimedia,2
9,"Arief Prasetyo, S.Kom., M.Kom.",Penerapan IT Forensik pada Jaringan,1
9,"Arief Prasetyo, S.Kom., M.Kom.",Penerapan Pembelajaran Elektronik pada Sistem Informasi,1
9,"Arief Prasetyo, S.Kom., M.Kom.",Penerapan Kompresi Citra,1
9,"Arief Prasetyo, S.Kom., M.Kom.",Computational Thinking,1
9,"Arief Prasetyo, S.Kom., M.Kom.",Penerapan Enkripsi,1
9,"Arief Prasetyo, S.Kom., M.Kom.",Penerapan Manajemen Informasi,1
9,"Arief Prasetyo, S.Kom., M.Kom.",Penerapan Sistem Peramalan,1
9,"Arief Prasetyo, S.Kom., M.Kom.",Penerapan Information Retrieval,5
9,"Arief Prasetyo, S.Kom., M.Kom.",Penerapan Augmented Reality,2
9,"Arief Prasetyo, S.Kom., M.Kom.",Penerapan Kecerdasan Buatan,1
9,"Arief Prasetyo, S.Kom., M.Kom.",Penerapan Sistem Pakar,2
10,"Arwin Sumari ST., MT., DR.",Computational Thinking,4
10,"Arwin Sumari ST., MT., DR.",Penerapan Transformasi Citra,6
10,"Arwin Sumari ST., MT., DR.",Penerapan Bisnis Elektronik Sistem Informasi,2
10,"Arwin Sumari ST., MT., DR.",Penerapan Smart Living,6
10,"Arwin Sumari ST., MT., DR.",Penerapan Pembelajaran Elektronik pada Sistem Informasi,4
10,"Arwin Sumari ST., MT., DR.",Penerapan Augmented Reality,9
10,"Arwin Sumari ST., MT., DR.",Penerapan Watermarking pada Citra,2
10,"Arwin Sumari ST., MT., DR.",Penerapan Manajemen Informasi,6
10,"Arwin Sumari ST., MT., DR.",Penerapan Sistem Pendukung Keputusan,5
10,"Arwin Sumari ST., MT., DR.",Penerapan Sistem Peramalan,5
10,"Arwin Sumari ST., MT., DR.",Multimedia,3
10,"Arwin Sumari ST., MT., DR.",Penerapan Morfologi Citra Digital,4
10,"Arwin Sumari ST., MT., DR.",Penerapan Data Besar,3
10,"Arwin Sumari ST., MT., DR.",Penerapan Pengenalan Pola,4
10,"Arwin Sumari ST., MT., DR.",Penerapan Sistem Informasi Geografis,3
10,"Arwin Sumari ST., MT., DR.",Penerapan Penambangan Teks,1
10,"Arwin Sumari ST., MT., DR.",Penerapan Information Retrieval,1
10,"Arwin Sumari ST., MT., DR.",Penerapan Keamanan Data,2
10,"Arwin Sumari ST., MT., DR.",Penerapan Kecerdasan Buatan,1
10,"Arwin Sumari ST., MT., DR.",Penerapan IT Forensik pada Jaringan,1
10,"Arwin Sumari ST., MT., DR.",Penerapan Penambangan Data,1
10,"Arwin Sumari ST., MT., DR.",Penerapan Teknologi Jaringan,1
10,"Arwin Sumari ST., MT., DR.",Penerapan Customer Relationship Management,3
10,"Arwin Sumari ST., MT., DR.",Penerapan Virtualisasi Jaringan,1
10,"Arwin Sumari ST., MT., DR.",Penerapan IoT,1
10,"Arwin Sumari ST., MT., DR.",Penerapan Enkripsi,1
13,"Banni Satria Andoko, S. Kom., M.MSI",Penerapan Data Besar,2
13,"Banni Satria Andoko, S. Kom., M.MSI",Penerapan Manajemen Informasi,1
13,"Banni Satria Andoko, S. Kom., M.MSI",Penerapan Information Retrieval,2
13,"Banni Satria Andoko, S. Kom., M.MSI",Penerapan Sistem Informasi Geografis,4
13,"Banni Satria Andoko, S. Kom., M.MSI",Penerapan Teknologi Jaringan,1
13,"Banni Satria Andoko, S. Kom., M.MSI",Penerapan Sistem Pakar,1
13,"Banni Satria Andoko, S. Kom., M.MSI",Penerapan Sistem Pendukung Keputusan,1
13,"Banni Satria Andoko, S. Kom., M.MSI",Penerapan Bisnis Elektronik Sistem Informasi,2
13,"Banni Satria Andoko, S. Kom., M.MSI",Penerapan Enkripsi,1
13,"Banni Satria Andoko, S. Kom., M.MSI",Penerapan Keamanan Data,1
14,"Budi Harijanto, ST., M.MKom.",Penerapan Sistem Pakar,7
14,"Budi Harijanto, ST., M.MKom.",Penerapan Virtualisasi Jaringan,6
14,"Budi Harijanto, ST., M.MKom.",Penerapan Sistem Pendukung Keputusan,3
14,"Budi Harijanto, ST., M.MKom.",Penerapan Penambangan Teks,1
14,"Budi Harijanto, ST., M.MKom.",Penerapan Manajemen Informasi,3
14,"Budi Harijanto, ST., M.MKom.",Penerapan Pembelajaran Elektronik pada Sistem Informasi,6
14,"Budi Harijanto, ST., M.MKom.",Penerapan Sistem Informasi Geografis,4
14,"Budi Harijanto, ST., M.MKom.",Penerapan Augmented Reality,2
14,"Budi Harijanto, ST., M.MKom.",Penerapan Information Retrieval,2
14,"Budi Harijanto, ST., M.MKom.",Penerapan Transformasi Citra,2
14,"Budi Harijanto, ST., M.MKom.",Computational Thinking,1
14,"Budi Harijanto, ST., M.MKom.",Penerapan IoT,2
14,"Budi Harijanto, ST., M.MKom.",Penerapan Bisnis Elektronik Sistem Informasi,2
14,"Budi Harijanto, ST., M.MKom.",Penerapan Sistem Peramalan,4
14,"Budi Harijanto, ST., M.MKom.",Penerapan Kecerdasan Buatan,3
14,"Budi Harijanto, ST., M.MKom.",Penerapan Kompresi Citra,1
14,"Budi Harijanto, ST., M.MKom.",Penerapan Pengenalan Pola,1
14,"Budi Harijanto, ST., M.MKom.",Multimedia,1
14,"Budi Harijanto, ST., M.MKom.",Penerapan Data Besar,1
15,"Cahya Rahmad, ST., M.Kom., Dr. Eng.",Penerapan IoT,4
15,"Cahya Rahmad, ST., M.Kom., Dr. Eng.",Penerapan Sistem Informasi Geografis,3
15,"Cahya Rahmad, ST., M.Kom., Dr. Eng.",Penerapan Sistem Pakar,4
15,"Cahya Rahmad, ST., M.Kom., Dr. Eng.",Penerapan Sistem Peramalan,3
15,"Cahya Rahmad, ST., M.Kom., Dr. Eng.",Penerapan Morfologi Citra Digital,7
15,"Cahya Rahmad, ST., M.Kom., Dr. Eng.",Penerapan Transformasi Citra,5
15,"Cahya Rahmad, ST., M.Kom., Dr. Eng.",Penerapan Information Retrieval,4
15,"Cahya Rahmad, ST., M.Kom., Dr. Eng.",Penerapan Watermarking pada Citra,2
15,"Cahya Rahmad, ST., M.Kom., Dr. Eng.",Penerapan Pengenalan Pola,3
15,"Cahya Rahmad, ST., M.Kom., Dr. Eng.",Penerapan Teknologi Nirkabel,1
15,"Cahya Rahmad, ST., M.Kom., Dr. Eng.",Penerapan Sistem Pendukung Keputusan,3
15,"Cahya Rahmad, ST., M.Kom., Dr. Eng.",Penerapan Virtualisasi Jaringan,1
15,"Cahya Rahmad, ST., M.Kom., Dr. Eng.",Penerapan Augmented Reality,4
15,"Cahya Rahmad, ST., M.Kom., Dr. Eng.",Multimedia,1
15,"Cahya Rahmad, ST., M.Kom., Dr. Eng.",Penerapan Filtering Citra,1
15,"Cahya Rahmad, ST., M.Kom., Dr. Eng.",Penerapan Keamanan Data,2
15,"Cahya Rahmad, ST., M.Kom., Dr. Eng.",Penerapan Customer Relationship Management,2
15,"Cahya Rahmad, ST., M.Kom., Dr. Eng.",Penerapan Smart Living,1
15,"Cahya Rahmad, ST., M.Kom., Dr. Eng.",Penerapan Kecerdasan Buatan,2
15,"Cahya Rahmad, ST., M.Kom., Dr. Eng.",Pengembangan Game,2
17,"Dhebys Suryani, S.Kom., MT",Penerapan Sistem Informasi Geografis,3
17,"Dhebys Suryani, S.Kom., MT",Penerapan Transformasi Citra,1
17,"Dhebys Suryani, S.Kom., MT",Penerapan Augmented Reality,2
17,"Dhebys Suryani, S.Kom., MT",Penerapan Morfologi Citra Digital,2
17,"Dhebys Suryani, S.Kom., MT",Penerapan Sistem Peramalan,5
17,"Dhebys Suryani, S.Kom., MT",Penerapan IoT,2
17,"Dhebys Suryani, S.Kom., MT",Penerapan Keamanan Data,1
17,"Dhebys Suryani, S.Kom., MT",Penerapan Customer Relationship Management,1
17,"Dhebys Suryani, S.Kom., MT",Penerapan Pembelajaran Elektronik pada Sistem Informasi,1
17,"Dhebys Suryani, S.Kom., MT",Penerapan Information Retrieval,1
17,"Dhebys Suryani, S.Kom., MT",Penerapan Enkripsi,2
19,"Deddy Kusbianto PA, Ir., M.Mkom.",Penerapan Virtualisasi Jaringan,3
19,"Deddy Kusbianto PA, Ir., M.Mkom.",Penerapan Sistem Pakar,4
19,"Deddy Kusbianto PA, Ir., M.Mkom.",Penerapan Sistem Informasi Geografis,9
19,"Deddy Kusbianto PA, Ir., M.Mkom.",Penerapan Augmented Reality,1
19,"Deddy Kusbianto PA, Ir., M.Mkom.",Penerapan Sistem Pendukung Keputusan,15
19,"Deddy Kusbianto PA, Ir., M.Mkom.",Penerapan Sistem Peramalan,8
19,"Deddy Kusbianto PA, Ir., M.Mkom.",Penerapan IoT,1
19,"Deddy Kusbianto PA, Ir., M.Mkom.",Penerapan Pembelajaran Elektronik pada Sistem Informasi,6
19,"Deddy Kusbianto PA, Ir., M.Mkom.",Penerapan Transformasi Citra,1
19,"Deddy Kusbianto PA, Ir., M.Mkom.",Penerapan Bisnis Elektronik Sistem Informasi,8
19,"Deddy Kusbianto PA, Ir., M.Mkom.",Penerapan Information Retrieval,1
19,"Deddy Kusbianto PA, Ir., M.Mkom.",Penerapan Manajemen Informasi,3
19,"Deddy Kusbianto PA, Ir., M.Mkom.",Penerapan Customer Relationship Management,2
19,"Deddy Kusbianto PA, Ir., M.Mkom.",Penerapan Keamanan Data,1
19,"Deddy Kusbianto PA, Ir., M.Mkom.",Penerapan Data Besar,3
19,"Deddy Kusbianto PA, Ir., M.Mkom.",Pengembangan Game,1
19,"Deddy Kusbianto PA, Ir., M.Mkom.",Penerapan Morfologi Citra Digital,2
19,"Deddy Kusbianto PA, Ir., M.Mkom.",Penerapan Pengenalan Pola,1
19,"Deddy Kusbianto PA, Ir., M.Mkom.",Multimedia,1
19,"Deddy Kusbianto PA, Ir., M.Mkom.",Penerapan Enkripsi,1
21,"Dian Hanifudin Subhi, S.Kom., M.Kom.",Penerapan Penambangan Teks,1
21,"Dian Hanifudin Subhi, S.Kom., M.Kom.",Penerapan Sistem Pendukung Keputusan,2
21,"Dian Hanifudin Subhi, S.Kom., M.Kom.",Penerapan Kecerdasan Buatan,2
21,"Dian Hanifudin Subhi, S.Kom., M.Kom.",Penerapan Customer Relationship Management,1
21,"Dian Hanifudin Subhi, S.Kom., M.Kom.",Penerapan Sistem Peramalan,3
21,"Dian Hanifudin Subhi, S.Kom., M.Kom.",Penerapan Augmented Reality,1
21,"Dian Hanifudin Subhi, S.Kom., M.Kom.",Penerapan Sistem Informasi Geografis,1
21,"Dian Hanifudin Subhi, S.Kom., M.Kom.",Penerapan IoT,1
21,"Dian Hanifudin Subhi, S.Kom., M.Kom.",Penerapan Information Retrieval,2
21,"Dian Hanifudin Subhi, S.Kom., M.Kom.",Multimedia,1
22,"Dika Rizky Yunianto, S.Kom, M.Kom",Penerapan Information Retrieval,5
22,"Dika Rizky Yunianto, S.Kom, M.Kom",Penerapan Sistem Peramalan,2
22,"Dika Rizky Yunianto, S.Kom, M.Kom",Penerapan Sistem Pendukung Keputusan,2
22,"Dika Rizky Yunianto, S.Kom, M.Kom",Penerapan IoT,1
22,"Dika Rizky Yunianto, S.Kom, M.Kom",Penerapan Sistem Informasi Geografis,2
22,"Dika Rizky Yunianto, S.Kom, M.Kom",Penerapan Data Besar,1
22,"Dika Rizky Yunianto, S.Kom, M.Kom",Penerapan Smart Living,1
22,"Dika Rizky Yunianto, S.Kom, M.Kom",Penerapan Manajemen Informasi,1
22,"Dika Rizky Yunianto, S.Kom, M.Kom",Penerapan Penambangan Teks,2
22,"Dika Rizky Yunianto, S.Kom, M.Kom",Penerapan Sistem Pakar,1
23,"Dimas Wahyu Wibowo, ST., MT.",Penerapan Bisnis Elektronik Sistem Informasi,1
23,"Dimas Wahyu Wibowo, ST., MT.",Penerapan Sistem Pendukung Keputusan,13
23,"Dimas Wahyu Wibowo, ST., MT.",Penerapan Transformasi Citra,2
23,"Dimas Wahyu Wibowo, ST., MT.",Penerapan Information Retrieval,2
23,"Dimas Wahyu Wibowo, ST., MT.",Penerapan Augmented Reality,10
23,"Dimas Wahyu Wibowo, ST., MT.",Penerapan Sistem Peramalan,3
23,"Dimas Wahyu Wibowo, ST., MT.",Penerapan Customer Relationship Management,3
23,"Dimas Wahyu Wibowo, ST., MT.",Penerapan Manajemen Informasi,1
23,"Dimas Wahyu Wibowo, ST., MT.",Penerapan IoT,3
23,"Dimas Wahyu Wibowo, ST., MT.",Multimedia,2
23,"Dimas Wahyu Wibowo, ST., MT.",Penerapan Pembelajaran Elektronik pada Sistem Informasi,1
23,"Dimas Wahyu Wibowo, ST., MT.",Computational Thinking,2
23,"Dimas Wahyu Wibowo, ST., MT.",Penerapan Keamanan Data,1
23,"Dimas Wahyu Wibowo, ST., MT.",Penerapan Sistem Pakar,2
23,"Dimas Wahyu Wibowo, ST., MT.",Penerapan Kecerdasan Buatan,1
24,Dodit Suprianto SKom. MT.,Multimedia,2
24,Dodit Suprianto SKom. MT.,Penerapan Pengenalan Pola,1
24,Dodit Suprianto SKom. MT.,Penerapan Augmented Reality,1
24,Dodit Suprianto SKom. MT.,Penerapan Sistem Informasi Geografis,3
24,Dodit Suprianto SKom. MT.,Penerapan IoT,4
24,Dodit Suprianto SKom. MT.,Computational Thinking,1
24,Dodit Suprianto SKom. MT.,Penerapan Sistem Pendukung Keputusan,2
24,Dodit Suprianto SKom. MT.,Penerapan Enkripsi,1
24,Dodit Suprianto SKom. MT.,Penerapan Customer Relationship Management,1
24,Dodit Suprianto SKom. MT.,Penerapan Kecerdasan Buatan,1
25,"Dwi Puspitasari, S.Kom., M.Kom.",Penerapan Sistem Peramalan,7
25,"Dwi Puspitasari, S.Kom., M.Kom.",Penerapan Bisnis Elektronik Sistem Informasi,3
25,"Dwi Puspitasari, S.Kom., M.Kom.",Penerapan Data Besar,10
25,"Dwi Puspitasari, S.Kom., M.Kom.",Penerapan Morfologi Citra Digital,1
25,"Dwi Puspitasari, S.Kom., M.Kom.",Penerapan Keamanan Data,1
25,"Dwi Puspitasari, S.Kom., M.Kom.",Penerapan Information Retrieval,3
25,"Dwi Puspitasari, S.Kom., M.Kom.",Penerapan Sistem Informasi Geografis,4
25,"Dwi Puspitasari, S.Kom., M.Kom.",Penerapan Sistem Pakar,7
25,"Dwi Puspitasari, S.Kom., M.Kom.",Penerapan Sistem Pendukung Keputusan,16
25,"Dwi Puspitasari, S.Kom., M.Kom.",Penerapan Kompresi Citra,1
25,"Dwi Puspitasari, S.Kom., M.Kom.",Computational Thinking,3
25,"Dwi Puspitasari, S.Kom., M.Kom.",Penerapan Penambangan Data,2
25,"Dwi Puspitasari, S.Kom., M.Kom.",Penerapan Penambangan Teks,3
25,"Dwi Puspitasari, S.Kom., M.Kom.",Skalabilitas dan Analitik Data,1
25,"Dwi Puspitasari, S.Kom., M.Kom.",Penerapan Transformasi Citra,1
25,"Dwi Puspitasari, S.Kom., M.Kom.",Penerapan Customer Relationship Management,2
25,"Dwi Puspitasari, S.Kom., M.Kom.",Penerapan Manajemen Informasi,6
25,"Dwi Puspitasari, S.Kom., M.Kom.",Penerapan Virtualisasi Jaringan,1
25,"Dwi Puspitasari, S.Kom., M.Kom.",Multimedia,5
25,"Dwi Puspitasari, S.Kom., M.Kom.",Penerapan Pengenalan Pola,2
25,"Dwi Puspitasari, S.Kom., M.Kom.",Penerapan Smart Living,3
25,"Dwi Puspitasari, S.Kom., M.Kom.",Penerapan IoT,1
25,"Dwi Puspitasari, S.Kom., M.Kom.",Penerapan Pembelajaran Elektronik pada Sistem Informasi,3
25,"Dwi Puspitasari, S.Kom., M.Kom.",Penerapan Augmented Reality,1
25,"Dwi Puspitasari, S.Kom., M.Kom.",Penerapan Pengolahan Citra,1
25,"Dwi Puspitasari, S.Kom., M.Kom.",Penerapan Teknologi Jaringan,2
26,"Eka Larasati Amalia, S.ST., MT.",Penerapan Sistem Informasi Geografis,8
26,"Eka Larasati Amalia, S.ST., MT.",Penerapan Bisnis Elektronik Sistem Informasi,1
26,"Eka Larasati Amalia, S.ST., MT.",Penerapan Sistem Pakar,2
26,"Eka Larasati Amalia, S.ST., MT.",Penerapan Sistem Pendukung Keputusan,17
26,"Eka Larasati Amalia, S.ST., MT.",Penerapan Information Retrieval,4
26,"Eka Larasati Amalia, S.ST., MT.",Penerapan Augmented Reality,4
26,"Eka Larasati Amalia, S.ST., MT.",Computational Thinking,2
26,"Eka Larasati Amalia, S.ST., MT.",Penerapan Sistem Peramalan,7
26,"Eka Larasati Amalia, S.ST., MT.",Pengembangan Game,1
26,"Eka Larasati Amalia, S.ST., MT.",Penerapan Penambangan Teks,2
26,"Eka Larasati Amalia, S.ST., MT.",Penerapan Manajemen Informasi,1
26,"Eka Larasati Amalia, S.ST., MT.",Penerapan Pembelajaran Elektronik pada Sistem Informasi,1
26,"Eka Larasati Amalia, S.ST., MT.",Penerapan Data Besar,2
26,"Eka Larasati Amalia, S.ST., MT.",Penerapan Penambangan Data,1
26,"Eka Larasati Amalia, S.ST., MT.",Multimedia,1
27,"Ekojono, ST., M.Kom.",Penerapan Kecerdasan Buatan,4
27,"Ekojono, ST., M.Kom.",Penerapan Sistem Pendukung Keputusan,9
27,"Ekojono, ST., M.Kom.",Penerapan IoT,2
27,"Ekojono, ST., M.Kom.",Multimedia,1
27,"Ekojono, ST., M.Kom.",Penerapan Augmented Reality,6
27,"Ekojono, ST., M.Kom.",Penerapan Customer Relationship Management,2
27,"Ekojono, ST., M.Kom.",Penerapan Pengenalan Pola,2
27,"Ekojono, ST., M.Kom.",Pengembangan Game,1
27,"Ekojono, ST., M.Kom.",Penerapan Sistem Informasi Geografis,5
27,"Ekojono, ST., M.Kom.",Penerapan Data Besar,1
27,"Ekojono, ST., M.Kom.",Penerapan Sistem Pakar,3
27,"Ekojono, ST., M.Kom.",Penerapan Pembelajaran Elektronik pada Sistem Informasi,1
27,"Ekojono, ST., M.Kom.",Penerapan Manajemen Informasi,2
27,"Ekojono, ST., M.Kom.",Penerapan Watermarking pada Citra,1
27,"Ekojono, ST., M.Kom.",Penerapan Sistem Peramalan,1
27,"Ekojono, ST., M.Kom.",Penerapan Morfologi Citra Digital,1
27,"Ekojono, ST., M.Kom.",Penerapan Smart Living,1
27,"Ekojono, ST., M.Kom.",Penerapan Penambangan Data,2
27,"Ekojono, ST., M.Kom.",Penerapan Penambangan Teks,1
27,"Ekojono, ST., M.Kom.",Penerapan Virtualisasi Jaringan,1
28,"Elok Nur Hamdana, S.T., M.T",Penerapan Penambangan Teks,4
28,"Elok Nur Hamdana, S.T., M.T",Penerapan Sistem Pendukung Keputusan,3
28,"Elok Nur Hamdana, S.T., M.T",Penerapan Virtualisasi Jaringan,2
28,"Elok Nur Hamdana, S.T., M.T",Integrasi Sistem dan Arsitektur,1
28,"Elok Nur Hamdana, S.T., M.T",Penerapan Sistem Peramalan,3
28,"Elok Nur Hamdana, S.T., M.T",Penerapan Smart Living,1
28,"Elok Nur Hamdana, S.T., M.T",Computational Thinking,1
28,"Elok Nur Hamdana, S.T., M.T",Penerapan IoT,2
28,"Elok Nur Hamdana, S.T., M.T",Penerapan Bisnis Elektronik Sistem Informasi,2
28,"Elok Nur Hamdana, S.T., M.T",Penerapan Data Besar,2
28,"Elok Nur Hamdana, S.T., M.T",Penerapan Augmented Reality,1
28,"Elok Nur Hamdana, S.T., M.T",Penerapan Customer Relationship Management,1
28,"Elok Nur Hamdana, S.T., M.T",Penerapan Sistem Pakar,3
29,"Endah Septa Sintiya. SPd., MKom.",Penerapan Sistem Pakar,1
29,"Endah Septa Sintiya. SPd., MKom.",Penerapan Augmented Reality,1
29,"Endah Septa Sintiya. SPd., MKom.",Penerapan Smart Living,1
29,"Endah Septa Sintiya. SPd., MKom.",Multimedia,1
29,"Endah Septa Sintiya. SPd., MKom.",Penerapan IoT,1
29,"Endah Septa Sintiya. SPd., MKom.",Penerapan Data Besar,1
30,"Erfan Rohadi, ST., M.Eng., Ph.D.",Penerapan IoT,9
30,"Erfan Rohadi, ST., M.Eng., Ph.D.",Penerapan Sistem Informasi Geografis,9
30,"Erfan Rohadi, ST., M.Eng., Ph.D.",Penerapan Sistem Pakar,5
30,"Erfan Rohadi, ST., M.Eng., Ph.D.",Penerapan Sistem Peramalan,6
30,"Erfan Rohadi, ST., M.Eng., Ph.D.",Penerapan Morfologi Citra Digital,1
30,"Erfan Rohadi, ST., M.Eng., Ph.D.",Penerapan Keamanan Data,1
30,"Erfan Rohadi, ST., M.Eng., Ph.D.",Penerapan Sistem Pendukung Keputusan,6
30,"Erfan Rohadi, ST., M.Eng., Ph.D.",Penerapan Pembelajaran Elektronik pada Sistem Informasi,1
30,"Erfan Rohadi, ST., M.Eng., Ph.D.",Multimedia,1
30,"Erfan Rohadi, ST., M.Eng., Ph.D.",Penerapan Data Besar,1
30,"Erfan Rohadi, ST., M.Eng., Ph.D.",Penerapan Manajemen Informasi,2
30,"Erfan Rohadi, ST., M.Eng., Ph.D.",Penerapan Penambangan Teks,1
30,"Erfan Rohadi, ST., M.Eng., Ph.D.",Penerapan Teknologi Jaringan,3
30,"Erfan Rohadi, ST., M.Eng., Ph.D.",Penerapan Augmented Reality,1
30,"Erfan Rohadi, ST., M.Eng., Ph.D.",Penerapan Watermarking pada Citra,1
30,"Erfan Rohadi, ST., M.Eng., Ph.D.",Skalabilitas dan Analitik Data,1
30,"Erfan Rohadi, ST., M.Eng., Ph.D.",Penerapan Enkripsi,1
30,"Erfan Rohadi, ST., M.Eng., Ph.D.",Penerapan IT Forensik pada Jaringan,1
30,"Erfan Rohadi, ST., M.Eng., Ph.D.",Penerapan Pengenalan Pola,1
30,"Erfan Rohadi, ST., M.Eng., Ph.D.",Penerapan Filtering Citra,2
33,"Gunawan Budi Prasetyo, ST., MMT., Ph.D.",Multimedia,1
33,"Gunawan Budi Prasetyo, ST., MMT., Ph.D.",Penerapan Penambangan Teks,1
33,"Gunawan Budi Prasetyo, ST., MMT., Ph.D.",Penerapan Sistem Peramalan,2
33,"Gunawan Budi Prasetyo, ST., MMT., Ph.D.",Penerapan Customer Relationship Management,3
33,"Gunawan Budi Prasetyo, ST., MMT., Ph.D.",Penerapan Sistem Informasi Geografis,1
34,"Habibie Ed Dien, MT.",Penerapan Enkripsi,1
34,"Habibie Ed Dien, MT.",Penerapan Sistem Informasi Geografis,2
34,"Habibie Ed Dien, MT.",Penerapan Pembelajaran Elektronik pada Sistem Informasi,1
34,"Habibie Ed Dien, MT.",Penerapan Bisnis Elektronik Sistem Informasi,1
34,"Habibie Ed Dien, MT.",Penerapan Sistem Pendukung Keputusan,1
34,"Habibie Ed Dien, MT.",Penerapan Penambangan Teks,1
34,"Habibie Ed Dien, MT.",Penerapan Information Retrieval,1
34,"Habibie Ed Dien, MT.",Penerapan Manajemen Informasi,1
35,"Hendra Pradibta, SE., M.Sc.",Penerapan Sistem Peramalan,4
35,"Hendra Pradibta, SE., M.Sc.",Penerapan Sistem Pendukung Keputusan,3
35,"Hendra Pradibta, SE., M.Sc.",Penerapan Augmented Reality,5
35,"Hendra Pradibta, SE., M.Sc.",Penerapan Sistem Pakar,6
35,"Hendra Pradibta, SE., M.Sc.",Penerapan Kecerdasan Buatan,1
35,"Hendra Pradibta, SE., M.Sc.",Penerapan Data Besar,3
35,"Hendra Pradibta, SE., M.Sc.",Penerapan Manajemen Informasi,1
35,"Hendra Pradibta, SE., M.Sc.",Penerapan Penambangan Data,1
35,"Hendra Pradibta, SE., M.Sc.",Penerapan Customer Relationship Management,2
35,"Hendra Pradibta, SE., M.Sc.",Pengembangan Game,2
35,"Hendra Pradibta, SE., M.Sc.",Penerapan Sistem Informasi Geografis,3
35,"Hendra Pradibta, SE., M.Sc.",Penerapan IoT,1
36,"Ika Kusumaning Putri, MT.",Penerapan Pembelajaran Elektronik pada Sistem Informasi,1
36,"Ika Kusumaning Putri, MT.",Penerapan Data Besar,1
36,"Ika Kusumaning Putri, MT.",Penerapan Penambangan Teks,2
36,"Ika Kusumaning Putri, MT.",Pengembangan Game,1
36,"Ika Kusumaning Putri, MT.",Penerapan Sistem Informasi Geografis,1
36,"Ika Kusumaning Putri, MT.",Penerapan Augmented Reality,2
36,"Ika Kusumaning Putri, MT.",Penerapan Sistem Peramalan,2
37,"Imam Fahrur Rozi, ST., MT.",Penerapan Data Besar,7
37,"Imam Fahrur Rozi, ST., MT.",Penerapan Sistem Pendukung Keputusan,8
37,"Imam Fahrur Rozi, ST., MT.",Penerapan Penambangan Teks,14
37,"Imam Fahrur Rozi, ST., MT.",Penerapan Watermarking pada Citra,2
37,"Imam Fahrur Rozi, ST., MT.",Penerapan Morfologi Citra Digital,1
37,"Imam Fahrur Rozi, ST., MT.",Penerapan Sistem Pakar,5
37,"Imam Fahrur Rozi, ST., MT.",Penerapan Penambangan Data,4
37,"Imam Fahrur Rozi, ST., MT.",Penerapan Information Retrieval,5
37,"Imam Fahrur Rozi, ST., MT.",Penerapan Teknologi Nirkabel,1
37,"Imam Fahrur Rozi, ST., MT.",Penerapan Sistem Informasi Geografis,4
37,"Imam Fahrur Rozi, ST., MT.",Penerapan Manajemen Informasi,2
37,"Imam Fahrur Rozi, ST., MT.",Penerapan Intelijen Bisnis,1
37,"Imam Fahrur Rozi, ST., MT.",Computational Thinking,1
37,"Imam Fahrur Rozi, ST., MT.",Penerapan Pembelajaran Elektronik pada Sistem Informasi,2
37,"Imam Fahrur Rozi, ST., MT.",Penerapan IoT,1
37,"Imam Fahrur Rozi, ST., MT.",Penerapan Sistem Peramalan,1
37,"Imam Fahrur Rozi, ST., MT.",Penerapan Virtualisasi Jaringan,1
37,"Imam Fahrur Rozi, ST., MT.",Penerapan Augmented Reality,1
38,"Indra Dharma Wijaya, ST., M.MT.",Penerapan Data Besar,11
38,"Indra Dharma Wijaya, ST., M.MT.",Multimedia,18
38,"Indra Dharma Wijaya, ST., M.MT.",Penerapan Keamanan Data,2
38,"Indra Dharma Wijaya, ST., M.MT.",Penerapan Penambangan Data,3
38,"Indra Dharma Wijaya, ST., M.MT.",Penerapan IoT,7
38,"Indra Dharma Wijaya, ST., M.MT.",Penerapan Sistem Informasi Geografis,14
38,"Indra Dharma Wijaya, ST., M.MT.",Penerapan Sistem Pendukung Keputusan,13
38,"Indra Dharma Wijaya, ST., M.MT.",Penerapan Augmented Reality,9
38,"Indra Dharma Wijaya, ST., M.MT.",Penerapan Bisnis Elektronik Sistem Informasi,7
38,"Indra Dharma Wijaya, ST., M.MT.",Penerapan Pembelajaran Elektronik pada Sistem Informasi,4
38,"Indra Dharma Wijaya, ST., M.MT.",Penerapan Penambangan Teks,3
38,"Indra Dharma Wijaya, ST., M.MT.",Penerapan Kompresi Citra,2
38,"Indra Dharma Wijaya, ST., M.MT.",Penerapan Sistem Pakar,9
38,"Indra Dharma Wijaya, ST., M.MT.",Penerapan Customer Relationship Management,4
38,"Indra Dharma Wijaya, ST., M.MT.",Penerapan Smart Living,3
38,"Indra Dharma Wijaya, ST., M.MT.",Penerapan Sistem Peramalan,3
38,"Indra Dharma Wijaya, ST., M.MT.",Penerapan Kecerdasan Buatan,1
38,"Indra Dharma Wijaya, ST., M.MT.",Penerapan Morfologi Citra Digital,2
38,"Indra Dharma Wijaya, ST., M.MT.",Penerapan Information Retrieval,1
38,"Indra Dharma Wijaya, ST., M.MT.",Pengembangan Game,1
38,"Indra Dharma Wijaya, ST., M.MT.",Penerapan Filtering Citra,1
38,"Indra Dharma Wijaya, ST., M.MT.",Computational Thinking,5
38,"Indra Dharma Wijaya, ST., M.MT.",Penerapan Teknologi Nirkabel,1
38,"Indra Dharma Wijaya, ST., M.MT.",Penerapan Virtualisasi Jaringan,2
38,"Indra Dharma Wijaya, ST., M.MT.",Penerapan Teknologi Jaringan,1
38,"Indra Dharma Wijaya, ST., M.MT.",Penerapan Enkripsi,1
39,"Irsyad Arif Mashudi, M.Kom",Penerapan Information Retrieval,4
39,"Irsyad Arif Mashudi, M.Kom",Penerapan Kecerdasan Buatan,1
39,"Irsyad Arif Mashudi, M.Kom",Penerapan IoT,1
39,"Irsyad Arif Mashudi, M.Kom",Penerapan Penambangan Teks,1
39,"Irsyad Arif Mashudi, M.Kom",Penerapan Sistem Informasi Geografis,2
39,"Irsyad Arif Mashudi, M.Kom",Pengembangan Game,1
39,"Irsyad Arif Mashudi, M.Kom",Computational Thinking,1
40,"Kadek Suarjuna Batubulan, S.Kom, MT",Penerapan Morfologi Citra Digital,2
40,"Kadek Suarjuna Batubulan, S.Kom, MT",Penerapan Penambangan Teks,2
40,"Kadek Suarjuna Batubulan, S.Kom, MT",Penerapan IoT,1
40,"Kadek Suarjuna Batubulan, S.Kom, MT",Penerapan Kecerdasan Buatan,1
40,"Kadek Suarjuna Batubulan, S.Kom, MT",Pengembangan Game,1
40,"Kadek Suarjuna Batubulan, S.Kom, MT",Penerapan Sistem Pendukung Keputusan,4
40,"Kadek Suarjuna Batubulan, S.Kom, MT",Penerapan Smart Living,1
40,"Kadek Suarjuna Batubulan, S.Kom, MT",Penerapan Sistem Informasi Geografis,3
40,"Kadek Suarjuna Batubulan, S.Kom, MT",Penerapan Teknologi Nirkabel,1
40,"Kadek Suarjuna Batubulan, S.Kom, MT",Penerapan Pembelajaran Elektronik pada Sistem Informasi,3
40,"Kadek Suarjuna Batubulan, S.Kom, MT",Penerapan Information Retrieval,4
40,"Kadek Suarjuna Batubulan, S.Kom, MT",Penerapan Pengolahan Citra,1
40,"Kadek Suarjuna Batubulan, S.Kom, MT",Penerapan Manajemen Informasi,1
40,"Kadek Suarjuna Batubulan, S.Kom, MT",Multimedia,1
40,"Kadek Suarjuna Batubulan, S.Kom, MT",Penerapan Keamanan Data,1
40,"Kadek Suarjuna Batubulan, S.Kom, MT",Penerapan Pengenalan Pola,2
40,"Kadek Suarjuna Batubulan, S.Kom, MT",Penerapan Sistem Pakar,2
40,"Kadek Suarjuna Batubulan, S.Kom, MT",Penerapan Watermarking pada Citra,1
41,"Luqman Affandi, S.Kom., MMSI",Penerapan Kecerdasan Buatan,1
41,"Luqman Affandi, S.Kom., MMSI",Penerapan Penambangan Teks,2
41,"Luqman Affandi, S.Kom., MMSI",Penerapan IoT,5
41,"Luqman Affandi, S.Kom., MMSI",Penerapan Sistem Peramalan,7
41,"Luqman Affandi, S.Kom., MMSI",Penerapan Sistem Pakar,6
41,"Luqman Affandi, S.Kom., MMSI",Penerapan Keamanan Data,2
41,"Luqman Affandi, S.Kom., MMSI",Penerapan Sistem Informasi Geografis,7
41,"Luqman Affandi, S.Kom., MMSI",Penerapan Manajemen Informasi,4
41,"Luqman Affandi, S.Kom., MMSI",Penerapan Data Besar,3
41,"Luqman Affandi, S.Kom., MMSI",Penerapan Virtualisasi Jaringan,1
41,"Luqman Affandi, S.Kom., MMSI",Penerapan Information Retrieval,1
41,"Luqman Affandi, S.Kom., MMSI",Penerapan Keamanan Cyber,1
41,"Luqman Affandi, S.Kom., MMSI",Multimedia,2
41,"Luqman Affandi, S.Kom., MMSI",Penerapan Pembelajaran Elektronik pada Sistem Informasi,1
41,"Luqman Affandi, S.Kom., MMSI",Penerapan Sistem Pendukung Keputusan,3
41,"Luqman Affandi, S.Kom., MMSI",Penerapan IT Forensik pada Jaringan,1
41,"Luqman Affandi, S.Kom., MMSI",Penerapan Morfologi Citra Digital,1
41,"Luqman Affandi, S.Kom., MMSI",Penerapan Enkripsi,1
41,"Luqman Affandi, S.Kom., MMSI",Penerapan Filtering Citra,1
41,"Luqman Affandi, S.Kom., MMSI",Penerapan Bisnis Elektronik Sistem Informasi,1
42,M. Hasyim Ratsanjani,Penerapan Pembelajaran Elektronik pada Sistem Informasi,1
42,M. Hasyim Ratsanjani,Penerapan Penambangan Teks,1
42,M. Hasyim Ratsanjani,Penerapan Data Besar,2
42,M. Hasyim Ratsanjani,Penerapan Smart Living,1
43,Mamluatul Hani'ah,Penerapan Information Retrieval,1
43,Mamluatul Hani'ah,Penerapan Data Besar,2
43,Mamluatul Hani'ah,Penerapan Filtering Citra,1
43,Mamluatul Hani'ah,Penerapan Sistem Peramalan,2
43,Mamluatul Hani'ah,Penerapan Penambangan Teks,1
43,Mamluatul Hani'ah,Penerapan Sistem Informasi Geografis,3
43,Mamluatul Hani'ah,Penerapan Augmented Reality,1
43,Mamluatul Hani'ah,Penerapan Sistem Pakar,2
43,Mamluatul Hani'ah,Penerapan Morfologi Citra Digital,1
43,Mamluatul Hani'ah,Computational Thinking,1
44,"Meyti Eka Apriyani ST., MT.",Penerapan Augmented Reality,12
44,"Meyti Eka Apriyani ST., MT.",Multimedia,2
44,"Meyti Eka Apriyani ST., MT.",Penerapan Sistem Informasi Geografis,1
44,"Meyti Eka Apriyani ST., MT.",Integrasi Sistem dan Arsitektur,2
44,"Meyti Eka Apriyani ST., MT.",Penerapan Virtualisasi Jaringan,2
44,"Meyti Eka Apriyani ST., MT.",Penerapan Kecerdasan Buatan,2
44,"Meyti Eka Apriyani ST., MT.",Penerapan Enkripsi,2
44,"Meyti Eka Apriyani ST., MT.",Computational Thinking,1
44,"Meyti Eka Apriyani ST., MT.",Penerapan Manajemen Informasi,1
44,"Meyti Eka Apriyani ST., MT.",Penerapan IT Forensik pada Jaringan,1
44,"Meyti Eka Apriyani ST., MT.",Penerapan Sistem Peramalan,2
44,"Meyti Eka Apriyani ST., MT.",Penerapan Sistem Pendukung Keputusan,1
44,"Meyti Eka Apriyani ST., MT.",Penerapan Teknologi Nirkabel,1
45,Milyun Ni'ma Shoumi,Penerapan Morfologi Citra Digital,2
45,Milyun Ni'ma Shoumi,Penerapan Sistem Informasi Geografis,3
45,Milyun Ni'ma Shoumi,Computational Thinking,1
45,Milyun Ni'ma Shoumi,Penerapan Sistem Pendukung Keputusan,3
45,Milyun Ni'ma Shoumi,Penerapan Customer Relationship Management,1
45,Milyun Ni'ma Shoumi,Penerapan Sistem Pakar,1
46,"Moch. Zawaruddin Abdullah, S.ST., M.Kom",Penerapan Bisnis Elektronik Sistem Informasi,2
46,"Moch. Zawaruddin Abdullah, S.ST., M.Kom",Penerapan Watermarking pada Citra,1
46,"Moch. Zawaruddin Abdullah, S.ST., M.Kom",Penerapan Pengenalan Pola,1
46,"Moch. Zawaruddin Abdullah, S.ST., M.Kom",Penerapan Customer Relationship Management,2
46,"Moch. Zawaruddin Abdullah, S.ST., M.Kom",Penerapan Sistem Informasi Geografis,1
46,"Moch. Zawaruddin Abdullah, S.ST., M.Kom",Penerapan Data Besar,3
46,"Moch. Zawaruddin Abdullah, S.ST., M.Kom",Penerapan Teknologi Nirkabel,1
46,"Moch. Zawaruddin Abdullah, S.ST., M.Kom",Penerapan Sistem Peramalan,1
46,"Moch. Zawaruddin Abdullah, S.ST., M.Kom",Penerapan Smart Living,1
46,"Moch. Zawaruddin Abdullah, S.ST., M.Kom",Penerapan Manajemen Informasi,1
46,"Moch. Zawaruddin Abdullah, S.ST., M.Kom",Penerapan Penambangan Teks,1
47,"Muhammad Afif Hendrawan.,S.Kom., MT",Penerapan Morfologi Citra Digital,2
47,"Muhammad Afif Hendrawan.,S.Kom., MT",Penerapan Augmented Reality,1
48,"Muhammad Shulhan Khairy, S.Kom, M.Kom",Pengembangan Game,2
48,"Muhammad Shulhan Khairy, S.Kom, M.Kom",Penerapan Augmented Reality,2
48,"Muhammad Shulhan Khairy, S.Kom, M.Kom",Penerapan IoT,1
48,"Muhammad Shulhan Khairy, S.Kom, M.Kom",Computational Thinking,1
48,"Muhammad Shulhan Khairy, S.Kom, M.Kom",Multimedia,2
48,"Muhammad Shulhan Khairy, S.Kom, M.Kom",Penerapan Pembelajaran Elektronik pada Sistem Informasi,2
48,"Muhammad Shulhan Khairy, S.Kom, M.Kom",Penerapan Bisnis Elektronik Sistem Informasi,2
48,"Muhammad Shulhan Khairy, S.Kom, M.Kom",Penerapan Data Besar,1
48,"Muhammad Shulhan Khairy, S.Kom, M.Kom",Penerapan Sistem Informasi Geografis,1
48,"Muhammad Shulhan Khairy, S.Kom, M.Kom",Penerapan Keamanan Data,1
50,"Mungki Astiningrum, ST., M.Kom.",Penerapan Keamanan Data,1
50,"Mungki Astiningrum, ST., M.Kom.",Penerapan Bisnis Elektronik Sistem Informasi,4
50,"Mungki Astiningrum, ST., M.Kom.",Penerapan Kecerdasan Buatan,5
50,"Mungki Astiningrum, ST., M.Kom.",Penerapan Penambangan Teks,3
50,"Mungki Astiningrum, ST., M.Kom.",Penerapan Morfologi Citra Digital,6
50,"Mungki Astiningrum, ST., M.Kom.",Penerapan Sistem Pendukung Keputusan,4
50,"Mungki Astiningrum, ST., M.Kom.",Penerapan Augmented Reality,6
50,"Mungki Astiningrum, ST., M.Kom.",Computational Thinking,1
50,"Mungki Astiningrum, ST., M.Kom.",Penerapan Customer Relationship Management,1
50,"Mungki Astiningrum, ST., M.Kom.",Penerapan Sistem Informasi Geografis,2
50,"Mungki Astiningrum, ST., M.Kom.",Penerapan Sistem Pakar,3
50,"Mungki Astiningrum, ST., M.Kom.",Penerapan Pengenalan Pola,1
50,"Mungki Astiningrum, ST., M.Kom.",Penerapan Data Besar,1
50,"Mungki Astiningrum, ST., M.Kom.",Penerapan Kompresi Citra,1
50,"Mungki Astiningrum, ST., M.Kom.",Penerapan Transformasi Citra,1
50,"Mungki Astiningrum, ST., M.Kom.",Penerapan Filtering Citra,1
50,"Mungki Astiningrum, ST., M.Kom.",Penerapan Sistem Peramalan,5
50,"Mungki Astiningrum, ST., M.Kom.",Penerapan Smart Living,1
50,"Mungki Astiningrum, ST., M.Kom.",Penerapan Information Retrieval,1
50,"Mungki Astiningrum, ST., M.Kom.",Penerapan Manajemen Informasi,1
50,"Mungki Astiningrum, ST., M.Kom.",Penerapan Watermarking pada Citra,2
50,"Mungki Astiningrum, ST., M.Kom.",Pengembangan Game,3
50,"Mungki Astiningrum, ST., M.Kom.",Penerapan Virtualisasi Jaringan,2
50,"Mungki Astiningrum, ST., M.Kom.",Skalabilitas dan Analitik Data,1
51,"Mustika Mentari, S.Kom., M.Kom",Penerapan Transformasi Citra,3
51,"Mustika Mentari, S.Kom., M.Kom",Penerapan Penambangan Teks,5
51,"Mustika Mentari, S.Kom., M.Kom",Penerapan Morfologi Citra Digital,7
51,"Mustika Mentari, S.Kom., M.Kom",Penerapan Sistem Pendukung Keputusan,11
51,"Mustika Mentari, S.Kom., M.Kom",Penerapan Sistem Peramalan,2
51,"Mustika Mentari, S.Kom., M.Kom",Penerapan Kecerdasan Buatan,1
51,"Mustika Mentari, S.Kom., M.Kom",Penerapan Manajemen Informasi,3
51,"Mustika Mentari, S.Kom., M.Kom",Computational Thinking,1
51,"Mustika Mentari, S.Kom., M.Kom",Penerapan Pembelajaran Elektronik pada Sistem Informasi,1
51,"Mustika Mentari, S.Kom., M.Kom",Penerapan Customer Relationship Management,1
51,"Mustika Mentari, S.Kom., M.Kom",Pengembangan Game,2
51,"Mustika Mentari, S.Kom., M.Kom",Penerapan Data Besar,1
51,"Mustika Mentari, S.Kom., M.Kom",Penerapan Pengenalan Pola,1
53,"Odhitya Desta Triswidrananta, S.Pd., M.Pd.",Computational Thinking,2
54,"Pramana Yoga Saputra, S.Kom., MMT.",Penerapan Penambangan Teks,5
54,"Pramana Yoga Saputra, S.Kom., MMT.",Penerapan Data Besar,4
54,"Pramana Yoga Saputra, S.Kom., MMT.",Penerapan Kecerdasan Buatan,1
54,"Pramana Yoga Saputra, S.Kom., MMT.",Integrasi Sistem dan Arsitektur,1
54,"Pramana Yoga Saputra, S.Kom., MMT.",Penerapan Bisnis Elektronik Sistem Informasi,4
54,"Pramana Yoga Saputra, S.Kom., MMT.",Penerapan Augmented Reality,1
54,"Pramana Yoga Saputra, S.Kom., MMT.",Penerapan Sistem Peramalan,1
54,"Pramana Yoga Saputra, S.Kom., MMT.",Penerapan Information Retrieval,7
54,"Pramana Yoga Saputra, S.Kom., MMT.",Penerapan Sistem Pendukung Keputusan,4
54,"Pramana Yoga Saputra, S.Kom., MMT.",Penerapan Sistem Informasi Geografis,3
54,"Pramana Yoga Saputra, S.Kom., MMT.",Computational Thinking,1
54,"Pramana Yoga Saputra, S.Kom., MMT.",Multimedia,1
55,"Putra Prima A., ST., M.Kom.",Penerapan Sistem Informasi Geografis,4
55,"Putra Prima A., ST., M.Kom.",Penerapan Penambangan Teks,4
55,"Putra Prima A., ST., M.Kom.",Penerapan Sistem Peramalan,1
55,"Putra Prima A., ST., M.Kom.",Penerapan Morfologi Citra Digital,2
55,"Putra Prima A., ST., M.Kom.",Penerapan Pengenalan Pola,1
55,"Putra Prima A., ST., M.Kom.",Penerapan Keamanan Data,1
55,"Putra Prima A., ST., M.Kom.",Penerapan Bisnis Elektronik Sistem Informasi,2
55,"Putra Prima A., ST., M.Kom.",Penerapan Data Besar,1
55,"Putra Prima A., ST., M.Kom.",Penerapan Enkripsi,2
55,"Putra Prima A., ST., M.Kom.",Penerapan Manajemen Informasi,3
55,"Putra Prima A., ST., M.Kom.",Penerapan Augmented Reality,3
55,"Putra Prima A., ST., M.Kom.",Penerapan Pembelajaran Elektronik pada Sistem Informasi,1
55,"Putra Prima A., ST., M.Kom.",Penerapan Sistem Pendukung Keputusan,2
55,"Putra Prima A., ST., M.Kom.",Penerapan Pengolahan Citra,1
55,"Putra Prima A., ST., M.Kom.",Penerapan Transformasi Citra,3
55,"Putra Prima A., ST., M.Kom.",Penerapan Kecerdasan Buatan,2
55,"Putra Prima A., ST., M.Kom.",Pengembangan Game,3
56,"Rakhmat Arianto, S.ST., M.Kom",Penerapan Information Retrieval,5
56,"Rakhmat Arianto, S.ST., M.Kom",Penerapan Penambangan Teks,5
56,"Rakhmat Arianto, S.ST., M.Kom",Penerapan Penambangan Data,3
56,"Rakhmat Arianto, S.ST., M.Kom",Penerapan Data Besar,6
56,"Rakhmat Arianto, S.ST., M.Kom",Penerapan Sistem Pendukung Keputusan,3
56,"Rakhmat Arianto, S.ST., M.Kom",Multimedia,3
56,"Rakhmat Arianto, S.ST., M.Kom",Penerapan Augmented Reality,2
56,"Rakhmat Arianto, S.ST., M.Kom",Penerapan IoT,2
56,"Rakhmat Arianto, S.ST., M.Kom",Penerapan Customer Relationship Management,2
56,"Rakhmat Arianto, S.ST., M.Kom",Penerapan Pembelajaran Elektronik pada Sistem Informasi,1
56,"Rakhmat Arianto, S.ST., M.Kom",Penerapan Transformasi Citra,1
56,"Rakhmat Arianto, S.ST., M.Kom",Penerapan Manajemen Informasi,1
56,"Rakhmat Arianto, S.ST., M.Kom",Computational Thinking,1
56,"Rakhmat Arianto, S.ST., M.Kom",Penerapan Sistem Informasi Geografis,1
57,"Rawansyah., Drs., M.Pd.",Penerapan Morfologi Citra Digital,1
57,"Rawansyah., Drs., M.Pd.",Penerapan Smart Living,10
57,"Rawansyah., Drs., M.Pd.",Penerapan Pembelajaran Elektronik pada Sistem Informasi,19
57,"Rawansyah., Drs., M.Pd.",Computational Thinking,20
57,"Rawansyah., Drs., M.Pd.",Penerapan Information Retrieval,8
57,"Rawansyah., Drs., M.Pd.",Penerapan Kecerdasan Buatan,1
57,"Rawansyah., Drs., M.Pd.",Penerapan Komputasi Awan,3
57,"Rawansyah., Drs., M.Pd.",Multimedia,19
57,"Rawansyah., Drs., M.Pd.",Penerapan Bisnis Elektronik Sistem Informasi,3
57,"Rawansyah., Drs., M.Pd.",Penerapan Sistem Informasi Geografis,9
57,"Rawansyah., Drs., M.Pd.",Penerapan Data Besar,6
57,"Rawansyah., Drs., M.Pd.",Penerapan Augmented Reality,3
57,"Rawansyah., Drs., M.Pd.",Penerapan Virtualisasi Jaringan,5
57,"Rawansyah., Drs., M.Pd.",Penerapan Keamanan Data,2
57,"Rawansyah., Drs., M.Pd.",Penerapan Penambangan Teks,2
57,"Rawansyah., Drs., M.Pd.",Penerapan Sistem Pakar,1
57,"Rawansyah., Drs., M.Pd.",Penerapan Keamanan Cyber,2
57,"Rawansyah., Drs., M.Pd.",Penerapan Pengolahan Citra,2
57,"Rawansyah., Drs., M.Pd.",Penerapan Transformasi Citra,1
57,"Rawansyah., Drs., M.Pd.",Penerapan Kompresi Citra,1
57,"Rawansyah., Drs., M.Pd.",Penerapan Teknologi Jaringan,1
57,"Rawansyah., Drs., M.Pd.",Penerapan Sistem Peramalan,1
57,"Rawansyah., Drs., M.Pd.",Penerapan Customer Relationship Management,2
57,"Rawansyah., Drs., M.Pd.",Penerapan IoT,1
57,"Rawansyah., Drs., M.Pd.",Penerapan IT Forensik pada Jaringan,1
57,"Rawansyah., Drs., M.Pd.",Penerapan Manajemen Informasi,1
59,"Ridwan Rismanto, SST., M.Kom.",Penerapan Data Besar,2
59,"Ridwan Rismanto, SST., M.Kom.",Penerapan Sistem Informasi Geografis,4
59,"Ridwan Rismanto, SST., M.Kom.",Penerapan Sistem Pakar,1
59,"Ridwan Rismanto, SST., M.Kom.",Penerapan Sistem Pendukung Keputusan,4
59,"Ridwan Rismanto, SST., M.Kom.",Pengembangan Game,3
59,"Ridwan Rismanto, SST., M.Kom.",Penerapan IoT,1
59,"Ridwan Rismanto, SST., M.Kom.",Penerapan Bisnis Elektronik Sistem Informasi,1
59,"Ridwan Rismanto, SST., M.Kom.",Penerapan Augmented Reality,2
59,"Ridwan Rismanto, SST., M.Kom.",Computational Thinking,1
59,"Ridwan Rismanto, SST., M.Kom.",Penerapan Keamanan Data,1
59,"Ridwan Rismanto, SST., M.Kom.",Penerapan Penambangan Teks,5
59,"Ridwan Rismanto, SST., M.Kom.",Penerapan Kecerdasan Buatan,2
59,"Ridwan Rismanto, SST., M.Kom.",Penerapan Pembelajaran Elektronik pada Sistem Informasi,1
59,"Ridwan Rismanto, SST., M.Kom.",Penerapan Morfologi Citra Digital,1
59,"Ridwan Rismanto, SST., M.Kom.",Penerapan Information Retrieval,1
59,"Ridwan Rismanto, SST., M.Kom.",Penerapan Customer Relationship Management,1
59,"Ridwan Rismanto, SST., M.Kom.",Penerapan Transformasi Citra,1
59,"Ridwan Rismanto, SST., M.Kom.",Penerapan Enkripsi,1
59,"Ridwan Rismanto, SST., M.Kom.",Penerapan Manajemen Informasi,1
59,"Ridwan Rismanto, SST., M.Kom.",Penerapan Smart Living,1
59,"Ridwan Rismanto, SST., M.Kom.",Integrasi Sistem dan Arsitektur,1
60,"Rizky Ardiansyah, S.Kom., MT.",Penerapan Sistem Pendukung Keputusan,1
61,Rokhimatul Wakhidah,Multimedia,3
61,Rokhimatul Wakhidah,Penerapan Data Besar,2
61,Rokhimatul Wakhidah,Penerapan Pembelajaran Elektronik pada Sistem Informasi,2
61,Rokhimatul Wakhidah,Penerapan Sistem Informasi Geografis,1
61,Rokhimatul Wakhidah,Penerapan Sistem Peramalan,3
61,Rokhimatul Wakhidah,Computational Thinking,1
61,Rokhimatul Wakhidah,Penerapan Penambangan Data,1
61,Rokhimatul Wakhidah,Penerapan Kecerdasan Buatan,1
61,Rokhimatul Wakhidah,Penerapan Bisnis Elektronik Sistem Informasi,1
62,"Rosa Andrie Asmara, ST., MT., Dr. Eng.",Penerapan Sistem Pendukung Keputusan,3
62,"Rosa Andrie Asmara, ST., MT., Dr. Eng.",Penerapan Pengenalan Pola,5
62,"Rosa Andrie Asmara, ST., MT., Dr. Eng.",Penerapan IoT,6
62,"Rosa Andrie Asmara, ST., MT., Dr. Eng.",Penerapan Morfologi Citra Digital,6
62,"Rosa Andrie Asmara, ST., MT., Dr. Eng.",Penerapan Transformasi Citra,7
62,"Rosa Andrie Asmara, ST., MT., Dr. Eng.",Penerapan Keamanan Data,1
62,"Rosa Andrie Asmara, ST., MT., Dr. Eng.",Penerapan Watermarking pada Citra,3
62,"Rosa Andrie Asmara, ST., MT., Dr. Eng.",Penerapan Sistem Pakar,3
62,"Rosa Andrie Asmara, ST., MT., Dr. Eng.",Penerapan Kecerdasan Buatan,1
62,"Rosa Andrie Asmara, ST., MT., Dr. Eng.",Penerapan Penambangan Data,1
62,"Rosa Andrie Asmara, ST., MT., Dr. Eng.",Multimedia,3
62,"Rosa Andrie Asmara, ST., MT., Dr. Eng.",Penerapan Enkripsi,1
62,"Rosa Andrie Asmara, ST., MT., Dr. Eng.",Penerapan Manajemen Informasi,1
62,"Rosa Andrie Asmara, ST., MT., Dr. Eng.",Penerapan Kompresi Citra,1
62,"Rosa Andrie Asmara, ST., MT., Dr. Eng.",Penerapan Sistem Informasi Geografis,4
62,"Rosa Andrie Asmara, ST., MT., Dr. Eng.",Penerapan Pengolahan Citra,2
62,"Rosa Andrie Asmara, ST., MT., Dr. Eng.",Penerapan Teknologi Nirkabel,1
62,"Rosa Andrie Asmara, ST., MT., Dr. Eng.",Penerapan Data Besar,3
62,"Rosa Andrie Asmara, ST., MT., Dr. Eng.",Penerapan Penambangan Teks,2
62,"Rosa Andrie Asmara, ST., MT., Dr. Eng.",Penerapan Sistem Peramalan,1
62,"Rosa Andrie Asmara, ST., MT., Dr. Eng.",Penerapan Pembelajaran Elektronik pada Sistem Informasi,1
62,"Rosa Andrie Asmara, ST., MT., Dr. Eng.",Penerapan Augmented Reality,4
63,"Rudy Ariyanto, ST., M.Cs.",Penerapan Sistem Peramalan,3
63,"Rudy Ariyanto, ST., M.Cs.",Penerapan Data Besar,2
63,"Rudy Ariyanto, ST., M.Cs.",Penerapan Sistem Pendukung Keputusan,22
63,"Rudy Ariyanto, ST., M.Cs.",Penerapan IoT,5
63,"Rudy Ariyanto, ST., M.Cs.",Penerapan Sistem Pakar,7
63,"Rudy Ariyanto, ST., M.Cs.",Penerapan Augmented Reality,1
63,"Rudy Ariyanto, ST., M.Cs.",Penerapan Enkripsi,1
63,"Rudy Ariyanto, ST., M.Cs.",Penerapan Information Retrieval,1
63,"Rudy Ariyanto, ST., M.Cs.",Integrasi Sistem dan Arsitektur,1
63,"Rudy Ariyanto, ST., M.Cs.",Penerapan Pembelajaran Elektronik pada Sistem Informasi,1
63,"Rudy Ariyanto, ST., M.Cs.",Penerapan Sistem Informasi Geografis,3
63,"Rudy Ariyanto, ST., M.Cs.",Multimedia,1
63,"Rudy Ariyanto, ST., M.Cs.",Penerapan Manajemen Informasi,4
63,"Rudy Ariyanto, ST., M.Cs.",Pengembangan Game,1
63,"Rudy Ariyanto, ST., M.Cs.",Penerapan IT Forensik pada Jaringan,1
63,"Rudy Ariyanto, ST., M.Cs.",Penerapan Customer Relationship Management,1
63,"Rudy Ariyanto, ST., M.Cs.",Penerapan Watermarking pada Citra,1
64,"Septian Enggar Sukmana, S.Pd., M.T",Penerapan Watermarking pada Citra,1
64,"Septian Enggar Sukmana, S.Pd., M.T",Computational Thinking,1
64,"Septian Enggar Sukmana, S.Pd., M.T",Penerapan Pengenalan Pola,1
64,"Septian Enggar Sukmana, S.Pd., M.T",Penerapan Morfologi Citra Digital,3
64,"Septian Enggar Sukmana, S.Pd., M.T",Penerapan Kompresi Citra,1
64,"Septian Enggar Sukmana, S.Pd., M.T",Penerapan Pembelajaran Elektronik pada Sistem Informasi,1
64,"Septian Enggar Sukmana, S.Pd., M.T",Penerapan Sistem Informasi Geografis,1
64,"Septian Enggar Sukmana, S.Pd., M.T",Multimedia,2
64,"Septian Enggar Sukmana, S.Pd., M.T",Penerapan Kecerdasan Buatan,1
64,"Septian Enggar Sukmana, S.Pd., M.T",Penerapan Manajemen Informasi,1
64,"Septian Enggar Sukmana, S.Pd., M.T",Penerapan Augmented Reality,1
64,"Septian Enggar Sukmana, S.Pd., M.T",Penerapan Keamanan Data,1
64,"Septian Enggar Sukmana, S.Pd., M.T",Penerapan Filtering Citra,1
64,"Septian Enggar Sukmana, S.Pd., M.T",Penerapan Transformasi Citra,1
65,"Sofyan Noor Arief, S.ST., M.Kom.",Penerapan Keamanan Data,1
65,"Sofyan Noor Arief, S.ST., M.Kom.",Penerapan Penambangan Teks,1
65,"Sofyan Noor Arief, S.ST., M.Kom.",Penerapan Pembelajaran Elektronik pada Sistem Informasi,1
66,"Ulla Delfana Rosiani, ST., MT.",Penerapan Morfologi Citra Digital,5
66,"Ulla Delfana Rosiani, ST., MT.",Penerapan Transformasi Citra,7
66,"Ulla Delfana Rosiani, ST., MT.",Penerapan IoT,1
66,"Ulla Delfana Rosiani, ST., MT.",Penerapan Sistem Pendukung Keputusan,5
66,"Ulla Delfana Rosiani, ST., MT.",Penerapan Sistem Pakar,1
66,"Ulla Delfana Rosiani, ST., MT.",Penerapan Data Besar,3
66,"Ulla Delfana Rosiani, ST., MT.",Penerapan Pengenalan Pola,3
66,"Ulla Delfana Rosiani, ST., MT.",Penerapan Sistem Peramalan,2
66,"Ulla Delfana Rosiani, ST., MT.",Penerapan Pengolahan Citra,1
66,"Ulla Delfana Rosiani, ST., MT.",Penerapan Information Retrieval,3
66,"Ulla Delfana Rosiani, ST., MT.",Multimedia,1
66,"Ulla Delfana Rosiani, ST., MT.",Penerapan Augmented Reality,1
66,"Ulla Delfana Rosiani, ST., MT.",Penerapan Kecerdasan Buatan,1
66,"Ulla Delfana Rosiani, ST., MT.",Penerapan Sistem Informasi Geografis,1
66,"Ulla Delfana Rosiani, ST., MT.",Pengembangan Game,1
66,"Ulla Delfana Rosiani, ST., MT.",Penerapan Penambangan Teks,1
66,"Ulla Delfana Rosiani, ST., MT.",Penerapan Bisnis Elektronik Sistem Informasi,1
67,"Usman Nurhasan, S.Kom., MT.",Penerapan IoT,3
67,"Usman Nurhasan, S.Kom., MT.",Penerapan Sistem Pendukung Keputusan,2
67,"Usman Nurhasan, S.Kom., MT.",Penerapan Kecerdasan Buatan,1
67,"Usman Nurhasan, S.Kom., MT.",Penerapan Manajemen Informasi,1
67,"Usman Nurhasan, S.Kom., MT.",Penerapan Information Retrieval,2
67,"Usman Nurhasan, S.Kom., MT.",Multimedia,2
67,"Usman Nurhasan, S.Kom., MT.",Penerapan Keamanan Data,3
67,"Usman Nurhasan, S.Kom., MT.",Penerapan Sistem Informasi Geografis,4
67,"Usman Nurhasan, S.Kom., MT.",Penerapan Augmented Reality,10
67,"Usman Nurhasan, S.Kom., MT.",Penerapan Sistem Peramalan,2
67,"Usman Nurhasan, S.Kom., MT.",Pengembangan Game,3
67,"Usman Nurhasan, S.Kom., MT.",Penerapan Pembelajaran Elektronik pada Sistem Informasi,3
67,"Usman Nurhasan, S.Kom., MT.",Penerapan Data Besar,2
69,"Vipkas Al Hadid Firdaus, ST,. MT",Penerapan Watermarking pada Citra,1
69,"Vipkas Al Hadid Firdaus, ST,. MT",Penerapan Enkripsi,2
69,"Vipkas Al Hadid Firdaus, ST,. MT",Penerapan Data Besar,1
69,"Vipkas Al Hadid Firdaus, ST,. MT",Penerapan Penambangan Teks,1
70,"Vivi Nur Wijayaningrum, S.Kom, M.Kom",Penerapan Penambangan Data,2
70,"Vivi Nur Wijayaningrum, S.Kom, M.Kom",Penerapan Smart Living,1
70,"Vivi Nur Wijayaningrum, S.Kom, M.Kom",Penerapan Pembelajaran Elektronik pada Sistem Informasi,1
70,"Vivi Nur Wijayaningrum, S.Kom, M.Kom",Penerapan Sistem Pendukung Keputusan,2
70,"Vivi Nur Wijayaningrum, S.Kom, M.Kom",Penerapan Penambangan Teks,1
70,"Vivi Nur Wijayaningrum, S.Kom, M.Kom",Penerapan Data Besar,1
70,"Vivi Nur Wijayaningrum, S.Kom, M.Kom",Computational Thinking,1
70,"Vivi Nur Wijayaningrum, S.Kom, M.Kom",Penerapan Enkripsi,2
70,"Vivi Nur Wijayaningrum, S.Kom, M.Kom",Penerapan Sistem Informasi Geografis,3
70,"Vivi Nur Wijayaningrum, S.Kom, M.Kom",Penerapan Manajemen Informasi,1
70,"Vivi Nur Wijayaningrum, S.Kom, M.Kom",Penerapan Sistem Pakar,1
70,"Vivi Nur Wijayaningrum, S.Kom, M.Kom",Penerapan Sistem Peramalan,1
70,"Vivi Nur Wijayaningrum, S.Kom, M.Kom",Penerapan Watermarking pada Citra,1
70,"Vivi Nur Wijayaningrum, S.Kom, M.Kom",Penerapan Customer Relationship Management,1
70,"Vivi Nur Wijayaningrum, S.Kom, M.Kom",Penerapan Intelijen Bisnis,1
70,"Vivi Nur Wijayaningrum, S.Kom, M.Kom",Penerapan Kompresi Citra,2
71,"Vivin Ayu Lestari, S.Pd",Penerapan Sistem Pakar,1
71,"Vivin Ayu Lestari, S.Pd",Computational Thinking,1
71,"Vivin Ayu Lestari, S.Pd",Penerapan Data Besar,1
71,"Vivin Ayu Lestari, S.Pd",Multimedia,1
71,"Vivin Ayu Lestari, S.Pd",Penerapan Manajemen Informasi,3
71,"Vivin Ayu Lestari, S.Pd",Penerapan Sistem Pendukung Keputusan,3
71,"Vivin Ayu Lestari, S.Pd",Penerapan Sistem Peramalan,1
71,"Vivin Ayu Lestari, S.Pd",Penerapan Augmented Reality,1
71,"Vivin Ayu Lestari, S.Pd",Penerapan IoT,1
71,"Vivin Ayu Lestari, S.Pd",Penerapan Smart Living,1
72,Wilda Imama Sabilla,Penerapan Data Besar,4
72,Wilda Imama Sabilla,Penerapan Morfologi Citra Digital,1
72,Wilda Imama Sabilla,Penerapan Sistem Peramalan,1
72,Wilda Imama Sabilla,Penerapan Pengenalan Pola,1
72,Wilda Imama Sabilla,Penerapan Sistem Informasi Geografis,1
72,Wilda Imama Sabilla,Penerapan Penambangan Teks,1
72,Wilda Imama Sabilla,Penerapan Penambangan Data,1
72,Wilda Imama Sabilla,Penerapan Augmented Reality,1
73,"Yoppy Yunhasnawa, S.ST., M.Sc.",Penerapan Sistem Pakar,2
73,"Yoppy Yunhasnawa, S.ST., M.Sc.",Penerapan Morfologi Citra Digital,1
73,"Yoppy Yunhasnawa, S.ST., M.Sc.",Penerapan Pengenalan Pola,1
73,"Yoppy Yunhasnawa, S.ST., M.Sc.",Penerapan Data Besar,4
73,"Yoppy Yunhasnawa, S.ST., M.Sc.",Computational Thinking,2
73,"Yoppy Yunhasnawa, S.ST., M.Sc.",Penerapan Sistem Informasi Geografis,3
73,"Yoppy Yunhasnawa, S.ST., M.Sc.",Penerapan Sistem Pendukung Keputusan,3
73,"Yoppy Yunhasnawa, S.ST., M.Sc.",Penerapan Penambangan Teks,1
73,"Yoppy Yunhasnawa, S.ST., M.Sc.",Penerapan Manajemen Informasi,2
73,"Yoppy Yunhasnawa, S.ST., M.Sc.",Penerapan Virtualisasi Jaringan,2
73,"Yoppy Yunhasnawa, S.ST., M.Sc.",Penerapan Information Retrieval,1
73,"Yoppy Yunhasnawa, S.ST., M.Sc.",Penerapan Smart Living,1
73,"Yoppy Yunhasnawa, S.ST., M.Sc.",Penerapan Komputasi Awan,1
73,"Yoppy Yunhasnawa, S.ST., M.Sc.",Penerapan Sistem Peramalan,2
74,"Yuri Ariyanto, S.Kom., M.Kom.",Penerapan Sistem Pakar,7
74,"Yuri Ariyanto, S.Kom., M.Kom.",Penerapan Virtualisasi Jaringan,9
74,"Yuri Ariyanto, S.Kom., M.Kom.",Penerapan Bisnis Elektronik Sistem Informasi,3
74,"Yuri Ariyanto, S.Kom., M.Kom.",Penerapan Keamanan Data,2
74,"Yuri Ariyanto, S.Kom., M.Kom.",Penerapan Penambangan Teks,2
74,"Yuri Ariyanto, S.Kom., M.Kom.",Penerapan Manajemen Informasi,2
74,"Yuri Ariyanto, S.Kom., M.Kom.",Penerapan Information Retrieval,1
74,"Yuri Ariyanto, S.Kom., M.Kom.",Penerapan Sistem Peramalan,6
74,"Yuri Ariyanto, S.Kom., M.Kom.",Computational Thinking,2
74,"Yuri Ariyanto, S.Kom., M.Kom.",Penerapan Sistem Informasi Geografis,8
74,"Yuri Ariyanto, S.Kom., M.Kom.",Penerapan IoT,5
74,"Yuri Ariyanto, S.Kom., M.Kom.",Penerapan Teknologi Nirkabel,2
74,"Yuri Ariyanto, S.Kom., M.Kom.",Penerapan Sistem Pendukung Keputusan,7
74,"Yuri Ariyanto, S.Kom., M.Kom.",Penerapan Watermarking pada Citra,1
74,"Yuri Ariyanto, S.Kom., M.Kom.",Penerapan Pengenalan Pola,1
74,"Yuri Ariyanto, S.Kom., M.Kom.",Penerapan Smart Living,2
74,"Yuri Ariyanto, S.Kom., M.Kom.",Penerapan Data Besar,1
74,"Yuri Ariyanto, S.Kom., M.Kom.",Penerapan Kecerdasan Buatan,1
74,"Yuri Ariyanto, S.Kom., M.Kom.",Penerapan Customer Relationship Management,1
74,"Yuri Ariyanto, S.Kom., M.Kom.",Multimedia,1
75,"Yushintia Pramitarini, S.ST., MT.",Penerapan Kompresi Citra,1
75,"Yushintia Pramitarini, S.ST., MT.",Penerapan Data Besar,3
75,"Yushintia Pramitarini, S.ST., MT.",Penerapan Penambangan Teks,1
75,"Yushintia Pramitarini, S.ST., MT.",Penerapan Customer Relationship Management,2
75,"Yushintia Pramitarini, S.ST., MT.",Penerapan Sistem Peramalan,3
75,"Yushintia Pramitarini, S.ST., MT.",Penerapan Pembelajaran Elektronik pada Sistem Informasi,1
75,"Yushintia Pramitarini, S.ST., MT.",Multimedia,1
75,"Yushintia Pramitarini, S.ST., MT.",Pengembangan Game,1
75,"Yushintia Pramitarini, S.ST., MT.",Penerapan Bisnis Elektronik Sistem Informasi,1
75,"Yushintia Pramitarini, S.ST., MT.",Penerapan IoT,1
75,"Yushintia Pramitarini, S.ST., MT.",Penerapan Sistem Pendukung Keputusan,1
75,"Yushintia Pramitarini, S.ST., MT.",Penerapan Penambangan Data,1
77,Yan Watequlis Syaifudin,Penerapan Data Besar,4
77,Yan Watequlis Syaifudin,Penerapan Sistem Pendukung Keputusan,10
77,Yan Watequlis Syaifudin,Penerapan Sistem Informasi Geografis,4
77,Yan Watequlis Syaifudin,Penerapan Keamanan Data,2
77,Yan Watequlis Syaifudin,Penerapan Sistem Pakar,6
77,Yan Watequlis Syaifudin,Penerapan Manajemen Informasi,1
77,Yan Watequlis Syaifudin,Multimedia,3
77,Yan Watequlis Syaifudin,Penerapan Virtualisasi Jaringan,2
77,Yan Watequlis Syaifudin,Penerapan Pembelajaran Elektronik pada Sistem Informasi,2
77,Yan Watequlis Syaifudin,Penerapan IT Forensik pada Jaringan,1
77,Yan Watequlis Syaifudin,Penerapan Komputasi Awan,1
77,Yan Watequlis Syaifudin,Penerapan Sistem Peramalan,1
